-- phpMyAdmin SQL Dump
-- version 4.8.4
-- https://www.phpmyadmin.net/
--
-- Hôte : 127.0.0.1:3306
-- Généré le :  mar. 18 jan. 2022 à 15:16
-- Version du serveur :  5.7.24
-- Version de PHP :  7.2.14

SET SQL_MODE = "NO_AUTO_VALUE_ON_ZERO";
SET AUTOCOMMIT = 0;
START TRANSACTION;
SET time_zone = "+00:00";


/*!40101 SET @OLD_CHARACTER_SET_CLIENT=@@CHARACTER_SET_CLIENT */;
/*!40101 SET @OLD_CHARACTER_SET_RESULTS=@@CHARACTER_SET_RESULTS */;
/*!40101 SET @OLD_COLLATION_CONNECTION=@@COLLATION_CONNECTION */;
/*!40101 SET NAMES utf8mb4 */;

--
-- Base de données :  `molecular_isomorphism`
--

-- --------------------------------------------------------

--
-- Structure de la table `lab`
--

DROP TABLE IF EXISTS `lab`;
CREATE TABLE IF NOT EXISTS `lab` (
  `id` int(11) NOT NULL AUTO_INCREMENT,
  `id_chebi` varchar(50) NOT NULL,
  `atom_id` int(11) NOT NULL,
  `index` int(11) NOT NULL,
  `ctype` int(11) NOT NULL,
  PRIMARY KEY (`id`),
  KEY `SECONDARY_KEY_2` (`id_chebi`)
) ENGINE=InnoDB AUTO_INCREMENT=328 DEFAULT CHARSET=utf8;

--
-- Déchargement des données de la table `lab`
--

INSERT INTO `lab` (`id`, `id_chebi`, `atom_id`, `index`, `ctype`) VALUES
(1, 'CHEBI:27732', 1, 0, 0),
(2, 'CHEBI:27732', 3, 1, 0),
(3, 'CHEBI:27732', 4, 2, 0),
(4, 'CHEBI:27732', 6, 3, 0),
(5, 'CHEBI:27732', 9, 4, 0),
(6, 'CHEBI:27732', 12, 5, 0),
(7, 'CHEBI:27732', 13, 6, 0),
(8, 'CHEBI:27732', 14, 7, 0),
(9, 'CHEBI:27732', 2, 8, 0),
(10, 'CHEBI:27732', 5, 9, 0),
(11, 'CHEBI:27732', 7, 10, 0),
(12, 'CHEBI:27732', 8, 11, 0),
(13, 'CHEBI:27732', 10, 12, 0),
(14, 'CHEBI:27732', 11, 13, 0),
(15, 'CHEBI:27732', 15, 14, 1),
(16, 'CHEBI:27732', 16, 15, 1),
(17, 'CHEBI:27732', 17, 16, 1),
(18, 'CHEBI:27732', 18, 17, 1),
(19, 'CHEBI:40813', 1, 0, 0),
(20, 'CHEBI:40813', 2, 1, 0),
(21, 'CHEBI:40813', 4, 2, 0),
(22, 'CHEBI:40813', 6, 3, 0),
(23, 'CHEBI:40813', 7, 4, 0),
(24, 'CHEBI:40813', 8, 5, 0),
(25, 'CHEBI:40813', 9, 6, 0),
(26, 'CHEBI:40813', 10, 7, 0),
(27, 'CHEBI:40813', 12, 8, 0),
(28, 'CHEBI:40813', 3, 9, 0),
(29, 'CHEBI:40813', 5, 10, 0),
(30, 'CHEBI:40813', 11, 11, 0),
(31, 'CHEBI:40813', 13, 12, 1),
(32, 'CHEBI:40813', 14, 13, 1),
(33, 'CHEBI:40813', 15, 14, 1),
(34, 'CHEBI:40813', 16, 15, 1),
(35, 'CHEBI:75437', 1, 0, 0),
(36, 'CHEBI:75437', 2, 1, 0),
(37, 'CHEBI:75437', 4, 2, 0),
(38, 'CHEBI:75437', 7, 3, 0),
(39, 'CHEBI:75437', 9, 4, 0),
(40, 'CHEBI:75437', 10, 5, 0),
(41, 'CHEBI:75437', 12, 6, 0),
(42, 'CHEBI:75437', 13, 7, 0),
(43, 'CHEBI:75437', 14, 8, 0),
(44, 'CHEBI:75437', 16, 9, 0),
(45, 'CHEBI:75437', 21, 10, 0),
(46, 'CHEBI:75437', 22, 11, 0),
(47, 'CHEBI:75437', 23, 12, 0),
(48, 'CHEBI:75437', 24, 13, 0),
(49, 'CHEBI:75437', 27, 14, 0),
(50, 'CHEBI:75437', 28, 15, 0),
(51, 'CHEBI:75437', 29, 16, 0),
(52, 'CHEBI:75437', 30, 17, 0),
(53, 'CHEBI:75437', 31, 18, 0),
(54, 'CHEBI:75437', 32, 19, 0),
(55, 'CHEBI:75437', 35, 20, 0),
(56, 'CHEBI:75437', 36, 21, 0),
(57, 'CHEBI:75437', 38, 22, 0),
(58, 'CHEBI:75437', 39, 23, 0),
(59, 'CHEBI:75437', 41, 24, 0),
(60, 'CHEBI:75437', 44, 25, 0),
(61, 'CHEBI:75437', 45, 26, 0),
(62, 'CHEBI:75437', 46, 27, 0),
(63, 'CHEBI:75437', 49, 28, 0),
(64, 'CHEBI:75437', 50, 29, 0),
(65, 'CHEBI:75437', 51, 30, 0),
(66, 'CHEBI:75437', 52, 31, 0),
(67, 'CHEBI:75437', 55, 32, 0),
(68, 'CHEBI:75437', 56, 33, 0),
(69, 'CHEBI:75437', 57, 34, 0),
(70, 'CHEBI:75437', 58, 35, 0),
(71, 'CHEBI:75437', 59, 36, 0),
(72, 'CHEBI:75437', 62, 37, 0),
(73, 'CHEBI:75437', 63, 38, 0),
(74, 'CHEBI:75437', 65, 39, 0),
(75, 'CHEBI:75437', 66, 40, 0),
(76, 'CHEBI:75437', 67, 41, 0),
(77, 'CHEBI:75437', 68, 42, 0),
(78, 'CHEBI:75437', 70, 43, 0),
(79, 'CHEBI:75437', 72, 44, 0),
(80, 'CHEBI:75437', 73, 45, 0),
(81, 'CHEBI:75437', 75, 46, 0),
(82, 'CHEBI:75437', 77, 47, 0),
(83, 'CHEBI:75437', 78, 48, 0),
(84, 'CHEBI:75437', 79, 49, 0),
(85, 'CHEBI:75437', 80, 50, 0),
(86, 'CHEBI:75437', 81, 51, 0),
(87, 'CHEBI:75437', 82, 52, 0),
(88, 'CHEBI:75437', 84, 53, 0),
(89, 'CHEBI:75437', 85, 54, 0),
(90, 'CHEBI:75437', 86, 55, 0),
(91, 'CHEBI:75437', 88, 56, 0),
(92, 'CHEBI:75437', 89, 57, 0),
(93, 'CHEBI:75437', 92, 58, 0),
(94, 'CHEBI:75437', 95, 59, 0),
(95, 'CHEBI:75437', 96, 60, 0),
(96, 'CHEBI:75437', 97, 61, 0),
(97, 'CHEBI:75437', 98, 62, 0),
(98, 'CHEBI:75437', 101, 63, 0),
(99, 'CHEBI:75437', 102, 64, 0),
(100, 'CHEBI:75437', 104, 65, 0),
(101, 'CHEBI:75437', 105, 66, 0),
(102, 'CHEBI:75437', 107, 67, 0),
(103, 'CHEBI:75437', 109, 68, 0),
(104, 'CHEBI:75437', 110, 69, 0),
(105, 'CHEBI:75437', 111, 70, 0),
(106, 'CHEBI:75437', 113, 71, 0),
(107, 'CHEBI:75437', 114, 72, 0),
(108, 'CHEBI:75437', 115, 73, 0),
(109, 'CHEBI:75437', 116, 74, 0),
(110, 'CHEBI:75437', 118, 75, 0),
(111, 'CHEBI:75437', 119, 76, 0),
(112, 'CHEBI:75437', 124, 77, 0),
(113, 'CHEBI:75437', 125, 78, 0),
(114, 'CHEBI:75437', 126, 79, 0),
(115, 'CHEBI:75437', 127, 80, 0),
(116, 'CHEBI:75437', 128, 81, 0),
(117, 'CHEBI:75437', 131, 82, 0),
(118, 'CHEBI:75437', 132, 83, 0),
(119, 'CHEBI:75437', 135, 84, 0),
(120, 'CHEBI:75437', 136, 85, 0),
(121, 'CHEBI:75437', 139, 86, 0),
(122, 'CHEBI:75437', 140, 87, 0),
(123, 'CHEBI:75437', 141, 88, 0),
(124, 'CHEBI:75437', 142, 89, 0),
(125, 'CHEBI:75437', 145, 90, 0),
(126, 'CHEBI:75437', 146, 91, 0),
(127, 'CHEBI:75437', 148, 92, 0),
(128, 'CHEBI:75437', 149, 93, 0),
(129, 'CHEBI:75437', 150, 94, 0),
(130, 'CHEBI:75437', 152, 95, 0),
(131, 'CHEBI:75437', 153, 96, 0),
(132, 'CHEBI:75437', 156, 97, 0),
(133, 'CHEBI:75437', 157, 98, 0),
(134, 'CHEBI:75437', 158, 99, 0),
(135, 'CHEBI:75437', 159, 100, 0),
(136, 'CHEBI:75437', 160, 101, 0),
(137, 'CHEBI:75437', 162, 102, 0),
(138, 'CHEBI:75437', 163, 103, 0),
(139, 'CHEBI:75437', 164, 104, 0),
(140, 'CHEBI:75437', 165, 105, 0),
(141, 'CHEBI:75437', 166, 106, 0),
(142, 'CHEBI:75437', 167, 107, 0),
(143, 'CHEBI:75437', 168, 108, 0),
(144, 'CHEBI:75437', 169, 109, 0),
(145, 'CHEBI:75437', 170, 110, 0),
(146, 'CHEBI:75437', 171, 111, 0),
(147, 'CHEBI:75437', 174, 112, 0),
(148, 'CHEBI:75437', 177, 113, 0),
(149, 'CHEBI:75437', 178, 114, 0),
(150, 'CHEBI:75437', 179, 115, 0),
(151, 'CHEBI:75437', 180, 116, 0),
(152, 'CHEBI:75437', 183, 117, 0),
(153, 'CHEBI:75437', 186, 118, 0),
(154, 'CHEBI:75437', 187, 119, 0),
(155, 'CHEBI:75437', 188, 120, 0),
(156, 'CHEBI:75437', 189, 121, 0),
(157, 'CHEBI:75437', 192, 122, 0),
(158, 'CHEBI:75437', 195, 123, 0),
(159, 'CHEBI:75437', 196, 124, 0),
(160, 'CHEBI:75437', 197, 125, 0),
(161, 'CHEBI:75437', 198, 126, 0),
(162, 'CHEBI:75437', 201, 127, 0),
(163, 'CHEBI:75437', 204, 128, 0),
(164, 'CHEBI:75437', 205, 129, 0),
(165, 'CHEBI:75437', 206, 130, 0),
(166, 'CHEBI:75437', 207, 131, 0),
(167, 'CHEBI:75437', 210, 132, 0),
(168, 'CHEBI:75437', 213, 133, 0),
(169, 'CHEBI:75437', 215, 134, 0),
(170, 'CHEBI:75437', 216, 135, 0),
(171, 'CHEBI:75437', 218, 136, 0),
(172, 'CHEBI:75437', 219, 137, 0),
(173, 'CHEBI:75437', 220, 138, 0),
(174, 'CHEBI:75437', 222, 139, 0),
(175, 'CHEBI:75437', 226, 140, 0),
(176, 'CHEBI:75437', 227, 141, 0),
(177, 'CHEBI:75437', 228, 142, 0),
(178, 'CHEBI:75437', 229, 143, 0),
(179, 'CHEBI:75437', 230, 144, 0),
(180, 'CHEBI:75437', 231, 145, 0),
(181, 'CHEBI:75437', 234, 146, 0),
(182, 'CHEBI:75437', 236, 147, 0),
(183, 'CHEBI:75437', 237, 148, 0),
(184, 'CHEBI:75437', 239, 149, 0),
(185, 'CHEBI:75437', 241, 150, 0),
(186, 'CHEBI:75437', 242, 151, 0),
(187, 'CHEBI:75437', 243, 152, 0),
(188, 'CHEBI:75437', 246, 153, 0),
(189, 'CHEBI:75437', 247, 154, 0),
(190, 'CHEBI:75437', 250, 155, 0),
(191, 'CHEBI:75437', 251, 156, 0),
(192, 'CHEBI:75437', 252, 157, 0),
(193, 'CHEBI:75437', 253, 158, 0),
(194, 'CHEBI:75437', 254, 159, 0),
(195, 'CHEBI:75437', 256, 160, 0),
(196, 'CHEBI:75437', 257, 161, 0),
(197, 'CHEBI:75437', 258, 162, 0),
(198, 'CHEBI:75437', 260, 163, 0),
(199, 'CHEBI:75437', 261, 164, 0),
(200, 'CHEBI:75437', 262, 165, 0),
(201, 'CHEBI:75437', 263, 166, 0),
(202, 'CHEBI:75437', 264, 167, 0),
(203, 'CHEBI:75437', 265, 168, 0),
(204, 'CHEBI:75437', 268, 169, 0),
(205, 'CHEBI:75437', 269, 170, 0),
(206, 'CHEBI:75437', 270, 171, 0),
(207, 'CHEBI:75437', 271, 172, 0),
(208, 'CHEBI:75437', 272, 173, 0),
(209, 'CHEBI:75437', 273, 174, 0),
(210, 'CHEBI:75437', 274, 175, 0),
(211, 'CHEBI:75437', 3, 176, 0),
(212, 'CHEBI:75437', 5, 177, 0),
(213, 'CHEBI:75437', 15, 178, 0),
(214, 'CHEBI:75437', 17, 179, 0),
(215, 'CHEBI:75437', 18, 180, 0),
(216, 'CHEBI:75437', 19, 181, 0),
(217, 'CHEBI:75437', 26, 182, 0),
(218, 'CHEBI:75437', 34, 183, 0),
(219, 'CHEBI:75437', 40, 184, 0),
(220, 'CHEBI:75437', 42, 185, 0),
(221, 'CHEBI:75437', 48, 186, 0),
(222, 'CHEBI:75437', 53, 187, 0),
(223, 'CHEBI:75437', 61, 188, 0),
(224, 'CHEBI:75437', 69, 189, 0),
(225, 'CHEBI:75437', 71, 190, 0),
(226, 'CHEBI:75437', 74, 191, 0),
(227, 'CHEBI:75437', 87, 192, 0),
(228, 'CHEBI:75437', 90, 193, 0),
(229, 'CHEBI:75437', 100, 194, 0),
(230, 'CHEBI:75437', 120, 195, 0),
(231, 'CHEBI:75437', 121, 196, 0),
(232, 'CHEBI:75437', 122, 197, 0),
(233, 'CHEBI:75437', 123, 198, 0),
(234, 'CHEBI:75437', 130, 199, 0),
(235, 'CHEBI:75437', 133, 200, 0),
(236, 'CHEBI:75437', 134, 201, 0),
(237, 'CHEBI:75437', 138, 202, 0),
(238, 'CHEBI:75437', 144, 203, 0),
(239, 'CHEBI:75437', 154, 204, 0),
(240, 'CHEBI:75437', 155, 205, 0),
(241, 'CHEBI:75437', 161, 206, 0),
(242, 'CHEBI:75437', 173, 207, 0),
(243, 'CHEBI:75437', 182, 208, 0),
(244, 'CHEBI:75437', 191, 209, 0),
(245, 'CHEBI:75437', 200, 210, 0),
(246, 'CHEBI:75437', 209, 211, 0),
(247, 'CHEBI:75437', 223, 212, 0),
(248, 'CHEBI:75437', 224, 213, 0),
(249, 'CHEBI:75437', 225, 214, 0),
(250, 'CHEBI:75437', 233, 215, 0),
(251, 'CHEBI:75437', 238, 216, 0),
(252, 'CHEBI:75437', 244, 217, 0),
(253, 'CHEBI:75437', 259, 218, 0),
(254, 'CHEBI:75437', 6, 219, 0),
(255, 'CHEBI:75437', 8, 220, 0),
(256, 'CHEBI:75437', 11, 221, 0),
(257, 'CHEBI:75437', 20, 222, 0),
(258, 'CHEBI:75437', 25, 223, 0),
(259, 'CHEBI:75437', 33, 224, 0),
(260, 'CHEBI:75437', 37, 225, 0),
(261, 'CHEBI:75437', 43, 226, 0),
(262, 'CHEBI:75437', 47, 227, 0),
(263, 'CHEBI:75437', 54, 228, 0),
(264, 'CHEBI:75437', 60, 229, 0),
(265, 'CHEBI:75437', 64, 230, 0),
(266, 'CHEBI:75437', 76, 231, 0),
(267, 'CHEBI:75437', 83, 232, 0),
(268, 'CHEBI:75437', 91, 233, 0),
(269, 'CHEBI:75437', 93, 234, 0),
(270, 'CHEBI:75437', 94, 235, 0),
(271, 'CHEBI:75437', 99, 236, 0),
(272, 'CHEBI:75437', 103, 237, 0),
(273, 'CHEBI:75437', 106, 238, 0),
(274, 'CHEBI:75437', 108, 239, 0),
(275, 'CHEBI:75437', 112, 240, 0),
(276, 'CHEBI:75437', 117, 241, 0),
(277, 'CHEBI:75437', 129, 242, 0),
(278, 'CHEBI:75437', 137, 243, 0),
(279, 'CHEBI:75437', 143, 244, 0),
(280, 'CHEBI:75437', 147, 245, 0),
(281, 'CHEBI:75437', 151, 246, 0),
(282, 'CHEBI:75437', 172, 247, 0),
(283, 'CHEBI:75437', 175, 248, 0),
(284, 'CHEBI:75437', 176, 249, 0),
(285, 'CHEBI:75437', 181, 250, 0),
(286, 'CHEBI:75437', 184, 251, 0),
(287, 'CHEBI:75437', 185, 252, 0),
(288, 'CHEBI:75437', 190, 253, 0),
(289, 'CHEBI:75437', 193, 254, 0),
(290, 'CHEBI:75437', 194, 255, 0),
(291, 'CHEBI:75437', 199, 256, 0),
(292, 'CHEBI:75437', 202, 257, 0),
(293, 'CHEBI:75437', 203, 258, 0),
(294, 'CHEBI:75437', 208, 259, 0),
(295, 'CHEBI:75437', 211, 260, 0),
(296, 'CHEBI:75437', 212, 261, 0),
(297, 'CHEBI:75437', 214, 262, 0),
(298, 'CHEBI:75437', 217, 263, 0),
(299, 'CHEBI:75437', 221, 264, 0),
(300, 'CHEBI:75437', 232, 265, 0),
(301, 'CHEBI:75437', 235, 266, 0),
(302, 'CHEBI:75437', 245, 267, 0),
(303, 'CHEBI:75437', 248, 268, 0),
(304, 'CHEBI:75437', 249, 269, 0),
(305, 'CHEBI:75437', 255, 270, 0),
(306, 'CHEBI:75437', 266, 271, 0),
(307, 'CHEBI:75437', 267, 272, 0),
(308, 'CHEBI:75437', 240, 273, 0),
(309, 'CHEBI:75437', 275, 274, 1),
(310, 'CHEBI:75437', 276, 275, 1),
(311, 'CHEBI:75437', 277, 276, 1),
(312, 'CHEBI:75437', 278, 277, 1),
(313, 'CHEBI:75437', 279, 278, 1),
(314, 'CHEBI:75437', 280, 279, 1),
(315, 'CHEBI:75437', 281, 280, 1),
(316, 'CHEBI:75437', 282, 281, 1),
(317, 'CHEBI:75437', 283, 282, 1),
(318, 'CHEBI:75437', 284, 283, 1),
(319, 'CHEBI:75437', 285, 284, 1),
(320, 'CHEBI:75437', 286, 285, 1),
(321, 'CHEBI:75437', 287, 286, 1),
(322, 'CHEBI:75437', 288, 287, 1),
(323, 'CHEBI:75437', 289, 288, 1),
(324, 'CHEBI:75437', 290, 289, 1),
(325, 'CHEBI:75437', 291, 290, 1),
(326, 'CHEBI:75437', 292, 291, 1),
(327, 'CHEBI:75437', 293, 292, 1);

-- --------------------------------------------------------

--
-- Structure de la table `links`
--

DROP TABLE IF EXISTS `links`;
CREATE TABLE IF NOT EXISTS `links` (
  `id` int(11) NOT NULL AUTO_INCREMENT,
  `id_chebi` varchar(100) NOT NULL,
  `atom_from` int(11) NOT NULL,
  `atom_to` int(11) NOT NULL,
  `version` int(11) NOT NULL,
  PRIMARY KEY (`id`),
  KEY `SECONDARY_KEY_1` (`id_chebi`)
) ENGINE=InnoDB AUTO_INCREMENT=311 DEFAULT CHARSET=utf8;

--
-- Déchargement des données de la table `links`
--

INSERT INTO `links` (`id`, `id_chebi`, `atom_from`, `atom_to`, `version`) VALUES
(1, 'CHEBI:27732', 10, 1, 0),
(2, 'CHEBI:27732', 1, 2, 0),
(3, 'CHEBI:27732', 14, 2, 0),
(4, 'CHEBI:27732', 8, 3, 0),
(5, 'CHEBI:27732', 4, 3, 0),
(6, 'CHEBI:27732', 7, 4, 0),
(7, 'CHEBI:27732', 1, 5, 0),
(8, 'CHEBI:27732', 5, 3, 0),
(9, 'CHEBI:27732', 12, 5, 0),
(10, 'CHEBI:27732', 6, 2, 0),
(11, 'CHEBI:27732', 6, 4, 0),
(12, 'CHEBI:27732', 11, 6, 0),
(13, 'CHEBI:27732', 9, 7, 0),
(14, 'CHEBI:27732', 13, 7, 0),
(15, 'CHEBI:27732', 9, 8, 0),
(16, 'CHEBI:27732', 10, 1, 1),
(17, 'CHEBI:27732', 1, 2, 1),
(18, 'CHEBI:27732', 14, 2, 1),
(19, 'CHEBI:27732', 8, 3, 1),
(20, 'CHEBI:27732', 4, 3, 1),
(21, 'CHEBI:27732', 7, 4, 1),
(22, 'CHEBI:27732', 1, 5, 1),
(23, 'CHEBI:27732', 5, 3, 1),
(24, 'CHEBI:27732', 12, 5, 1),
(25, 'CHEBI:27732', 6, 2, 1),
(26, 'CHEBI:27732', 6, 4, 1),
(27, 'CHEBI:27732', 11, 6, 1),
(28, 'CHEBI:27732', 9, 7, 1),
(29, 'CHEBI:27732', 13, 7, 1),
(30, 'CHEBI:27732', 9, 8, 1),
(31, 'CHEBI:27732', 10, 15, 1),
(32, 'CHEBI:27732', 1, 15, 1),
(33, 'CHEBI:27732', 4, 16, 1),
(34, 'CHEBI:27732', 3, 16, 1),
(35, 'CHEBI:27732', 11, 17, 1),
(36, 'CHEBI:27732', 6, 17, 1),
(37, 'CHEBI:27732', 9, 18, 1),
(38, 'CHEBI:27732', 8, 18, 1),
(39, 'CHEBI:40813', 2, 1, 0),
(40, 'CHEBI:40813', 3, 1, 0),
(41, 'CHEBI:40813', 4, 1, 0),
(42, 'CHEBI:40813', 5, 3, 0),
(43, 'CHEBI:40813', 6, 3, 0),
(44, 'CHEBI:40813', 7, 5, 0),
(45, 'CHEBI:40813', 8, 6, 0),
(46, 'CHEBI:40813', 9, 7, 0),
(47, 'CHEBI:40813', 9, 8, 0),
(48, 'CHEBI:40813', 10, 9, 0),
(49, 'CHEBI:40813', 11, 10, 0),
(50, 'CHEBI:40813', 2, 1, 1),
(51, 'CHEBI:40813', 3, 1, 1),
(52, 'CHEBI:40813', 4, 1, 1),
(53, 'CHEBI:40813', 5, 3, 1),
(54, 'CHEBI:40813', 6, 3, 1),
(55, 'CHEBI:40813', 7, 5, 1),
(56, 'CHEBI:40813', 8, 6, 1),
(57, 'CHEBI:40813', 9, 7, 1),
(58, 'CHEBI:40813', 9, 8, 1),
(59, 'CHEBI:40813', 10, 9, 1),
(60, 'CHEBI:40813', 11, 10, 1),
(61, 'CHEBI:40813', 2, 13, 1),
(62, 'CHEBI:40813', 1, 13, 1),
(63, 'CHEBI:40813', 5, 14, 1),
(64, 'CHEBI:40813', 3, 14, 1),
(65, 'CHEBI:40813', 8, 15, 1),
(66, 'CHEBI:40813', 6, 15, 1),
(67, 'CHEBI:40813', 9, 16, 1),
(68, 'CHEBI:40813', 7, 16, 1),
(69, 'CHEBI:75437', 1, 2, 0),
(70, 'CHEBI:75437', 3, 1, 0),
(71, 'CHEBI:75437', 5, 4, 0),
(72, 'CHEBI:75437', 6, 4, 0),
(73, 'CHEBI:75437', 1, 4, 0),
(74, 'CHEBI:75437', 7, 9, 0),
(75, 'CHEBI:75437', 9, 8, 0),
(76, 'CHEBI:75437', 10, 12, 0),
(77, 'CHEBI:75437', 12, 11, 0),
(78, 'CHEBI:75437', 10, 13, 0),
(79, 'CHEBI:75437', 14, 16, 0),
(80, 'CHEBI:75437', 16, 15, 0),
(81, 'CHEBI:75437', 17, 7, 0),
(82, 'CHEBI:75437', 18, 10, 0),
(83, 'CHEBI:75437', 9, 18, 0),
(84, 'CHEBI:75437', 19, 14, 0),
(85, 'CHEBI:75437', 12, 19, 0),
(86, 'CHEBI:75437', 16, 20, 0),
(87, 'CHEBI:75437', 13, 21, 0),
(88, 'CHEBI:75437', 7, 22, 0),
(89, 'CHEBI:75437', 22, 23, 0),
(90, 'CHEBI:75437', 25, 24, 0),
(91, 'CHEBI:75437', 26, 24, 0),
(92, 'CHEBI:75437', 23, 24, 0),
(93, 'CHEBI:75437', 21, 27, 0),
(94, 'CHEBI:75437', 21, 28, 0),
(95, 'CHEBI:75437', 29, 30, 0),
(96, 'CHEBI:75437', 29, 31, 0),
(97, 'CHEBI:75437', 29, 15, 0),
(98, 'CHEBI:75437', 30, 32, 0),
(99, 'CHEBI:75437', 31, 33, 0),
(100, 'CHEBI:75437', 31, 34, 0),
(101, 'CHEBI:75437', 15, 35, 0),
(102, 'CHEBI:75437', 32, 35, 0),
(103, 'CHEBI:75437', 36, 38, 0),
(104, 'CHEBI:75437', 38, 37, 0),
(105, 'CHEBI:75437', 39, 41, 0),
(106, 'CHEBI:75437', 41, 40, 0),
(107, 'CHEBI:75437', 34, 36, 0),
(108, 'CHEBI:75437', 42, 39, 0),
(109, 'CHEBI:75437', 38, 42, 0),
(110, 'CHEBI:75437', 41, 43, 0),
(111, 'CHEBI:75437', 36, 44, 0),
(112, 'CHEBI:75437', 44, 45, 0),
(113, 'CHEBI:75437', 47, 46, 0),
(114, 'CHEBI:75437', 48, 46, 0),
(115, 'CHEBI:75437', 45, 46, 0),
(116, 'CHEBI:75437', 49, 50, 0),
(117, 'CHEBI:75437', 49, 51, 0),
(118, 'CHEBI:75437', 49, 40, 0),
(119, 'CHEBI:75437', 50, 52, 0),
(120, 'CHEBI:75437', 51, 53, 0),
(121, 'CHEBI:75437', 51, 54, 0),
(122, 'CHEBI:75437', 40, 55, 0),
(123, 'CHEBI:75437', 52, 55, 0),
(124, 'CHEBI:75437', 56, 57, 0),
(125, 'CHEBI:75437', 56, 58, 0),
(126, 'CHEBI:75437', 56, 53, 0),
(127, 'CHEBI:75437', 57, 59, 0),
(128, 'CHEBI:75437', 58, 60, 0),
(129, 'CHEBI:75437', 58, 61, 0),
(130, 'CHEBI:75437', 53, 62, 0),
(131, 'CHEBI:75437', 59, 62, 0),
(132, 'CHEBI:75437', 63, 65, 0),
(133, 'CHEBI:75437', 65, 64, 0),
(134, 'CHEBI:75437', 63, 66, 0),
(135, 'CHEBI:75437', 67, 68, 0),
(136, 'CHEBI:75437', 61, 63, 0),
(137, 'CHEBI:75437', 69, 67, 0),
(138, 'CHEBI:75437', 65, 69, 0),
(139, 'CHEBI:75437', 71, 70, 0),
(140, 'CHEBI:75437', 72, 70, 0),
(141, 'CHEBI:75437', 73, 71, 0),
(142, 'CHEBI:75437', 74, 72, 0),
(143, 'CHEBI:75437', 74, 73, 0),
(144, 'CHEBI:75437', 66, 70, 0),
(145, 'CHEBI:75437', 3, 75, 0),
(146, 'CHEBI:75437', 76, 75, 0),
(147, 'CHEBI:75437', 67, 75, 0),
(148, 'CHEBI:75437', 68, 77, 0),
(149, 'CHEBI:75437', 77, 78, 0),
(150, 'CHEBI:75437', 77, 79, 0),
(151, 'CHEBI:75437', 2, 80, 0),
(152, 'CHEBI:75437', 2, 81, 0),
(153, 'CHEBI:75437', 82, 84, 0),
(154, 'CHEBI:75437', 84, 83, 0),
(155, 'CHEBI:75437', 82, 85, 0),
(156, 'CHEBI:75437', 86, 88, 0),
(157, 'CHEBI:75437', 88, 87, 0),
(158, 'CHEBI:75437', 86, 89, 0),
(159, 'CHEBI:75437', 82, 5, 0),
(160, 'CHEBI:75437', 86, 90, 0),
(161, 'CHEBI:75437', 84, 90, 0),
(162, 'CHEBI:75437', 88, 91, 0),
(163, 'CHEBI:75437', 93, 92, 0),
(164, 'CHEBI:75437', 94, 92, 0),
(165, 'CHEBI:75437', 89, 92, 0),
(166, 'CHEBI:75437', 95, 96, 0),
(167, 'CHEBI:75437', 95, 97, 0),
(168, 'CHEBI:75437', 95, 87, 0),
(169, 'CHEBI:75437', 96, 98, 0),
(170, 'CHEBI:75437', 97, 99, 0),
(171, 'CHEBI:75437', 1, 2, 1),
(172, 'CHEBI:75437', 3, 1, 1),
(173, 'CHEBI:75437', 5, 4, 1),
(174, 'CHEBI:75437', 6, 4, 1),
(175, 'CHEBI:75437', 1, 4, 1),
(176, 'CHEBI:75437', 7, 9, 1),
(177, 'CHEBI:75437', 9, 8, 1),
(178, 'CHEBI:75437', 10, 12, 1),
(179, 'CHEBI:75437', 12, 11, 1),
(180, 'CHEBI:75437', 10, 13, 1),
(181, 'CHEBI:75437', 14, 16, 1),
(182, 'CHEBI:75437', 16, 15, 1),
(183, 'CHEBI:75437', 17, 7, 1),
(184, 'CHEBI:75437', 18, 10, 1),
(185, 'CHEBI:75437', 9, 18, 1),
(186, 'CHEBI:75437', 19, 14, 1),
(187, 'CHEBI:75437', 12, 19, 1),
(188, 'CHEBI:75437', 16, 20, 1),
(189, 'CHEBI:75437', 13, 21, 1),
(190, 'CHEBI:75437', 7, 22, 1),
(191, 'CHEBI:75437', 22, 23, 1),
(192, 'CHEBI:75437', 25, 24, 1),
(193, 'CHEBI:75437', 26, 24, 1),
(194, 'CHEBI:75437', 23, 24, 1),
(195, 'CHEBI:75437', 21, 27, 1),
(196, 'CHEBI:75437', 21, 28, 1),
(197, 'CHEBI:75437', 29, 30, 1),
(198, 'CHEBI:75437', 29, 31, 1),
(199, 'CHEBI:75437', 29, 15, 1),
(200, 'CHEBI:75437', 30, 32, 1),
(201, 'CHEBI:75437', 31, 33, 1),
(202, 'CHEBI:75437', 31, 34, 1),
(203, 'CHEBI:75437', 15, 35, 1),
(204, 'CHEBI:75437', 32, 35, 1),
(205, 'CHEBI:75437', 36, 38, 1),
(206, 'CHEBI:75437', 38, 37, 1),
(207, 'CHEBI:75437', 39, 41, 1),
(208, 'CHEBI:75437', 41, 40, 1),
(209, 'CHEBI:75437', 34, 36, 1),
(210, 'CHEBI:75437', 42, 39, 1),
(211, 'CHEBI:75437', 38, 42, 1),
(212, 'CHEBI:75437', 41, 43, 1),
(213, 'CHEBI:75437', 36, 44, 1),
(214, 'CHEBI:75437', 44, 45, 1),
(215, 'CHEBI:75437', 47, 46, 1),
(216, 'CHEBI:75437', 48, 46, 1),
(217, 'CHEBI:75437', 45, 46, 1),
(218, 'CHEBI:75437', 49, 50, 1),
(219, 'CHEBI:75437', 49, 51, 1),
(220, 'CHEBI:75437', 49, 40, 1),
(221, 'CHEBI:75437', 50, 52, 1),
(222, 'CHEBI:75437', 51, 53, 1),
(223, 'CHEBI:75437', 51, 54, 1),
(224, 'CHEBI:75437', 40, 55, 1),
(225, 'CHEBI:75437', 52, 55, 1),
(226, 'CHEBI:75437', 56, 57, 1),
(227, 'CHEBI:75437', 56, 58, 1),
(228, 'CHEBI:75437', 56, 53, 1),
(229, 'CHEBI:75437', 57, 59, 1),
(230, 'CHEBI:75437', 58, 60, 1),
(231, 'CHEBI:75437', 58, 61, 1),
(232, 'CHEBI:75437', 53, 62, 1),
(233, 'CHEBI:75437', 59, 62, 1),
(234, 'CHEBI:75437', 63, 65, 1),
(235, 'CHEBI:75437', 65, 64, 1),
(236, 'CHEBI:75437', 63, 66, 1),
(237, 'CHEBI:75437', 67, 68, 1),
(238, 'CHEBI:75437', 61, 63, 1),
(239, 'CHEBI:75437', 69, 67, 1),
(240, 'CHEBI:75437', 65, 69, 1),
(241, 'CHEBI:75437', 71, 70, 1),
(242, 'CHEBI:75437', 72, 70, 1),
(243, 'CHEBI:75437', 73, 71, 1),
(244, 'CHEBI:75437', 74, 72, 1),
(245, 'CHEBI:75437', 74, 73, 1),
(246, 'CHEBI:75437', 66, 70, 1),
(247, 'CHEBI:75437', 3, 75, 1),
(248, 'CHEBI:75437', 76, 75, 1),
(249, 'CHEBI:75437', 67, 75, 1),
(250, 'CHEBI:75437', 68, 77, 1),
(251, 'CHEBI:75437', 77, 78, 1),
(252, 'CHEBI:75437', 77, 79, 1),
(253, 'CHEBI:75437', 2, 80, 1),
(254, 'CHEBI:75437', 2, 81, 1),
(255, 'CHEBI:75437', 82, 84, 1),
(256, 'CHEBI:75437', 84, 83, 1),
(257, 'CHEBI:75437', 82, 85, 1),
(258, 'CHEBI:75437', 86, 88, 1),
(259, 'CHEBI:75437', 88, 87, 1),
(260, 'CHEBI:75437', 86, 89, 1),
(261, 'CHEBI:75437', 82, 5, 1),
(262, 'CHEBI:75437', 86, 90, 1),
(263, 'CHEBI:75437', 84, 90, 1),
(264, 'CHEBI:75437', 88, 91, 1),
(265, 'CHEBI:75437', 93, 92, 1),
(266, 'CHEBI:75437', 94, 92, 1),
(267, 'CHEBI:75437', 89, 92, 1),
(268, 'CHEBI:75437', 95, 96, 1),
(269, 'CHEBI:75437', 95, 97, 1),
(270, 'CHEBI:75437', 95, 87, 1),
(271, 'CHEBI:75437', 96, 98, 1),
(272, 'CHEBI:75437', 97, 99, 1),
(273, 'CHEBI:75437', 6, 275, 1),
(274, 'CHEBI:75437', 4, 275, 1),
(275, 'CHEBI:75437', 9, 276, 1),
(276, 'CHEBI:75437', 8, 276, 1),
(277, 'CHEBI:75437', 12, 277, 1),
(278, 'CHEBI:75437', 11, 277, 1),
(279, 'CHEBI:75437', 16, 278, 1),
(280, 'CHEBI:75437', 20, 278, 1),
(281, 'CHEBI:75437', 25, 279, 1),
(282, 'CHEBI:75437', 24, 279, 1),
(283, 'CHEBI:75437', 31, 280, 1),
(284, 'CHEBI:75437', 33, 280, 1),
(285, 'CHEBI:75437', 38, 281, 1),
(286, 'CHEBI:75437', 37, 281, 1),
(287, 'CHEBI:75437', 41, 282, 1),
(288, 'CHEBI:75437', 43, 282, 1),
(289, 'CHEBI:75437', 47, 283, 1),
(290, 'CHEBI:75437', 46, 283, 1),
(291, 'CHEBI:75437', 51, 284, 1),
(292, 'CHEBI:75437', 54, 284, 1),
(293, 'CHEBI:75437', 58, 285, 1),
(294, 'CHEBI:75437', 60, 285, 1),
(295, 'CHEBI:75437', 65, 286, 1),
(296, 'CHEBI:75437', 64, 286, 1),
(297, 'CHEBI:75437', 72, 287, 1),
(298, 'CHEBI:75437', 70, 287, 1),
(299, 'CHEBI:75437', 73, 288, 1),
(300, 'CHEBI:75437', 71, 288, 1),
(301, 'CHEBI:75437', 76, 289, 1),
(302, 'CHEBI:75437', 75, 289, 1),
(303, 'CHEBI:75437', 84, 290, 1),
(304, 'CHEBI:75437', 83, 290, 1),
(305, 'CHEBI:75437', 88, 291, 1),
(306, 'CHEBI:75437', 91, 291, 1),
(307, 'CHEBI:75437', 93, 292, 1),
(308, 'CHEBI:75437', 92, 292, 1),
(309, 'CHEBI:75437', 97, 293, 1),
(310, 'CHEBI:75437', 99, 293, 1);

-- --------------------------------------------------------

--
-- Structure de la table `molecules`
--

DROP TABLE IF EXISTS `molecules`;
CREATE TABLE IF NOT EXISTS `molecules` (
  `id_chebi` varchar(50) NOT NULL,
  `name` text NOT NULL,
  `formula` text NOT NULL,
  `dimension` varchar(10) NOT NULL,
  `family` text NOT NULL,
  `maximum_link` int(11) NOT NULL,
  `atoms_number` int(11) NOT NULL,
  `links_number` int(11) NOT NULL,
  `atoms` text NOT NULL,
  `links` text NOT NULL,
  `colored_atoms_number` int(11) DEFAULT NULL,
  `colored_links_number` int(11) DEFAULT NULL,
  `atoms_colored` text,
  `links_colored` text,
  `canonical_form1` text,
  `canonical_form2` text,
  `canonical_form3` text,
  `canonical_label1` text,
  `canonical_label2` text,
  `canonical_label3` text,
  PRIMARY KEY (`id_chebi`) USING BTREE
) ENGINE=InnoDB DEFAULT CHARSET=utf8;

--
-- Déchargement des données de la table `molecules`
--

INSERT INTO `molecules` (`id_chebi`, `name`, `formula`, `dimension`, `family`, `maximum_link`, `atoms_number`, `links_number`, `atoms`, `links`, `colored_atoms_number`, `colored_links_number`, `atoms_colored`, `links_colored`, `canonical_form1`, `canonical_form2`, `canonical_form3`, `canonical_label1`, `canonical_label2`, `canonical_label3`) VALUES
('CHEBI:27732', 'caffeine', 'C8H10N4O2', '2D', 'Amide', 2, 14, 15, 'C,1|C,3|C,4|C,6|C,9|C,12|C,13|C,14|N,2|N,5|N,7|N,8|O,10|O,11|', '10,1,2|1,2,1|14,2,1|8,3,1|4,3,2|7,4,1|1,5,1|5,3,1|12,5,1|6,2,1|6,4,1|11,6,2|9,7,1|13,7,1|9,8,2|', 18, 23, 'C,1,0|C,3,0|C,4,0|C,6,0|C,9,0|C,12,0|C,13,0|C,14,0|N,2,0|N,5,0|N,7,0|N,8,0|O,10,0|O,11,0|ZZZ,15,1|ZZZ,16,1|ZZZ,17,1|ZZZ,18,1|', '10,1,0|1,2,0|14,2,0|8,3,0|4,3,0|7,4,0|1,5,0|5,3,0|12,5,0|6,2,0|6,4,0|11,6,0|9,7,0|13,7,0|9,8,0|10,15,1|1,15,1|4,16,1|3,16,1|11,17,1|6,17,1|9,18,1|8,18,1|', NULL, NULL, NULL, NULL, NULL, NULL),
('CHEBI:40813', '4-methoxybenzoic acid', 'C8H8O3', '2D', 'Alcohol', 2, 12, 11, '0,1|C,2|C,4|C,6|C,7|C,8|C,9|C,10|C,12|O,3|O,5|O,11|', '2,1,2|3,1,1|4,1,1|5,3,2|6,3,1|7,5,1|8,6,2|9,7,2|9,8,1|10,9,1|11,10,1|', 16, 19, '0,1,0|C,2,0|C,4,0|C,6,0|C,7,0|C,8,0|C,9,0|C,10,0|C,12,0|O,3,0|O,5,0|O,11,0|ZZZ,13,1|ZZZ,14,1|ZZZ,15,1|ZZZ,16,1|', '2,1,0|3,1,0|4,1,0|5,3,0|6,3,0|7,5,0|8,6,0|9,7,0|9,8,0|10,9,0|11,10,0|2,13,1|1,13,1|5,14,1|3,14,1|8,15,1|6,15,1|9,16,1|7,16,1|', NULL, NULL, NULL, NULL, NULL, NULL),
('CHEBI:75437', 'gastrin-34', 'C176H253N43O54S', '2D', 'Amide', 2, 274, 102, 'C,1|C,2|C,4|C,7|C,9|C,10|C,12|C,13|C,14|C,16|C,21|C,22|C,23|C,24|C,27|C,28|C,29|C,30|C,31|C,32|C,35|C,36|C,38|C,39|C,41|C,44|C,45|C,46|C,49|C,50|C,51|C,52|C,55|C,56|C,57|C,58|C,59|C,62|C,63|C,65|C,66|C,67|C,68|C,70|C,72|C,73|C,75|C,77|C,78|C,79|C,80|C,81|C,82|C,84|C,85|C,86|C,88|C,89|C,92|C,95|C,96|C,97|C,98|C,101|C,102|C,104|C,105|C,107|C,109|C,110|C,111|C,113|C,114|C,115|C,116|C,118|C,119|C,124|C,125|C,126|C,127|C,128|C,131|C,132|C,135|C,136|C,139|C,140|C,141|C,142|C,145|C,146|C,148|C,149|C,150|C,152|C,153|C,156|C,157|C,158|C,159|C,160|C,162|C,163|C,164|C,165|C,166|C,167|C,168|C,169|C,170|C,171|C,174|C,177|C,178|C,179|C,180|C,183|C,186|C,187|C,188|C,189|C,192|C,195|C,196|C,197|C,198|C,201|C,204|C,205|C,206|C,207|C,210|C,213|C,215|C,216|C,218|C,219|C,220|C,222|C,226|C,227|C,228|C,229|C,230|C,231|C,234|C,236|C,237|C,239|C,241|C,242|C,243|C,246|C,247|C,250|C,251|C,252|C,253|C,254|C,256|C,257|C,258|C,260|C,261|C,262|C,263|C,264|C,265|C,268|C,269|C,270|C,271|C,272|C,273|C,274|N,3|N,5|N,15|N,17|N,18|N,19|N,26|N,34|N,40|N,42|N,48|N,53|N,61|N,69|N,71|N,74|N,87|N,90|N,100|N,120|N,121|N,122|N,123|N,130|N,133|N,134|N,138|N,144|N,154|N,155|N,161|N,173|N,182|N,191|N,200|N,209|N,223|N,224|N,225|N,233|N,238|N,244|N,259|O,6|O,8|O,11|O,20|O,25|O,33|O,37|O,43|O,47|O,54|O,60|O,64|O,76|O,83|O,91|O,93|O,94|O,99|O,103|O,106|O,108|O,112|O,117|O,129|O,137|O,143|O,147|O,151|O,172|O,175|O,176|O,181|O,184|O,185|O,190|O,193|O,194|O,199|O,202|O,203|O,208|O,211|O,212|O,214|O,217|O,221|O,232|O,235|O,245|O,248|O,249|O,255|O,266|O,267|S,240|', '1,2,1|3,1,1|5,4,1|6,4,2|1,4,1|7,9,1|9,8,2|10,12,1|12,11,2|10,13,1|14,16,1|16,15,1|17,7,1|18,10,1|9,18,1|19,14,1|12,19,1|16,20,2|13,21,1|7,22,1|22,23,1|25,24,2|26,24,1|23,24,1|21,27,1|21,28,1|29,30,1|29,31,1|29,15,1|30,32,1|31,33,2|31,34,1|15,35,1|32,35,1|36,38,1|38,37,2|39,41,1|41,40,1|34,36,1|42,39,1|38,42,1|41,43,2|36,44,1|44,45,1|47,46,2|48,46,1|45,46,1|49,50,1|49,51,1|49,40,1|50,52,1|51,53,1|51,54,2|40,55,1|52,55,1|56,57,1|56,58,1|56,53,1|57,59,1|58,60,2|58,61,1|53,62,1|59,62,1|63,65,1|65,64,2|63,66,1|67,68,1|61,63,1|69,67,1|65,69,1|71,70,1|72,70,2|73,71,2|74,72,1|74,73,1|66,70,1|3,75,1|76,75,2|67,75,1|68,77,1|77,78,1|77,79,1|2,80,1|2,81,1|82,84,1|84,83,2|82,85,1|86,88,1|88,87,1|86,89,1|82,5,1|86,90,1|84,90,1|88,91,2|93,92,2|94,92,1|89,92,1|95,96,1|95,97,1|95,87,1|96,98,1|97,99,2|', 293, 140, 'C,1,0|C,2,0|C,4,0|C,7,0|C,9,0|C,10,0|C,12,0|C,13,0|C,14,0|C,16,0|C,21,0|C,22,0|C,23,0|C,24,0|C,27,0|C,28,0|C,29,0|C,30,0|C,31,0|C,32,0|C,35,0|C,36,0|C,38,0|C,39,0|C,41,0|C,44,0|C,45,0|C,46,0|C,49,0|C,50,0|C,51,0|C,52,0|C,55,0|C,56,0|C,57,0|C,58,0|C,59,0|C,62,0|C,63,0|C,65,0|C,66,0|C,67,0|C,68,0|C,70,0|C,72,0|C,73,0|C,75,0|C,77,0|C,78,0|C,79,0|C,80,0|C,81,0|C,82,0|C,84,0|C,85,0|C,86,0|C,88,0|C,89,0|C,92,0|C,95,0|C,96,0|C,97,0|C,98,0|C,101,0|C,102,0|C,104,0|C,105,0|C,107,0|C,109,0|C,110,0|C,111,0|C,113,0|C,114,0|C,115,0|C,116,0|C,118,0|C,119,0|C,124,0|C,125,0|C,126,0|C,127,0|C,128,0|C,131,0|C,132,0|C,135,0|C,136,0|C,139,0|C,140,0|C,141,0|C,142,0|C,145,0|C,146,0|C,148,0|C,149,0|C,150,0|C,152,0|C,153,0|C,156,0|C,157,0|C,158,0|C,159,0|C,160,0|C,162,0|C,163,0|C,164,0|C,165,0|C,166,0|C,167,0|C,168,0|C,169,0|C,170,0|C,171,0|C,174,0|C,177,0|C,178,0|C,179,0|C,180,0|C,183,0|C,186,0|C,187,0|C,188,0|C,189,0|C,192,0|C,195,0|C,196,0|C,197,0|C,198,0|C,201,0|C,204,0|C,205,0|C,206,0|C,207,0|C,210,0|C,213,0|C,215,0|C,216,0|C,218,0|C,219,0|C,220,0|C,222,0|C,226,0|C,227,0|C,228,0|C,229,0|C,230,0|C,231,0|C,234,0|C,236,0|C,237,0|C,239,0|C,241,0|C,242,0|C,243,0|C,246,0|C,247,0|C,250,0|C,251,0|C,252,0|C,253,0|C,254,0|C,256,0|C,257,0|C,258,0|C,260,0|C,261,0|C,262,0|C,263,0|C,264,0|C,265,0|C,268,0|C,269,0|C,270,0|C,271,0|C,272,0|C,273,0|C,274,0|N,3,0|N,5,0|N,15,0|N,17,0|N,18,0|N,19,0|N,26,0|N,34,0|N,40,0|N,42,0|N,48,0|N,53,0|N,61,0|N,69,0|N,71,0|N,74,0|N,87,0|N,90,0|N,100,0|N,120,0|N,121,0|N,122,0|N,123,0|N,130,0|N,133,0|N,134,0|N,138,0|N,144,0|N,154,0|N,155,0|N,161,0|N,173,0|N,182,0|N,191,0|N,200,0|N,209,0|N,223,0|N,224,0|N,225,0|N,233,0|N,238,0|N,244,0|N,259,0|O,6,0|O,8,0|O,11,0|O,20,0|O,25,0|O,33,0|O,37,0|O,43,0|O,47,0|O,54,0|O,60,0|O,64,0|O,76,0|O,83,0|O,91,0|O,93,0|O,94,0|O,99,0|O,103,0|O,106,0|O,108,0|O,112,0|O,117,0|O,129,0|O,137,0|O,143,0|O,147,0|O,151,0|O,172,0|O,175,0|O,176,0|O,181,0|O,184,0|O,185,0|O,190,0|O,193,0|O,194,0|O,199,0|O,202,0|O,203,0|O,208,0|O,211,0|O,212,0|O,214,0|O,217,0|O,221,0|O,232,0|O,235,0|O,245,0|O,248,0|O,249,0|O,255,0|O,266,0|O,267,0|S,240,0|ZZZ,275,1|ZZZ,276,1|ZZZ,277,1|ZZZ,278,1|ZZZ,279,1|ZZZ,280,1|ZZZ,281,1|ZZZ,282,1|ZZZ,283,1|ZZZ,284,1|ZZZ,285,1|ZZZ,286,1|ZZZ,287,1|ZZZ,288,1|ZZZ,289,1|ZZZ,290,1|ZZZ,291,1|ZZZ,292,1|ZZZ,293,1|', '1,2,0|3,1,0|5,4,0|6,4,0|1,4,0|7,9,0|9,8,0|10,12,0|12,11,0|10,13,0|14,16,0|16,15,0|17,7,0|18,10,0|9,18,0|19,14,0|12,19,0|16,20,0|13,21,0|7,22,0|22,23,0|25,24,0|26,24,0|23,24,0|21,27,0|21,28,0|29,30,0|29,31,0|29,15,0|30,32,0|31,33,0|31,34,0|15,35,0|32,35,0|36,38,0|38,37,0|39,41,0|41,40,0|34,36,0|42,39,0|38,42,0|41,43,0|36,44,0|44,45,0|47,46,0|48,46,0|45,46,0|49,50,0|49,51,0|49,40,0|50,52,0|51,53,0|51,54,0|40,55,0|52,55,0|56,57,0|56,58,0|56,53,0|57,59,0|58,60,0|58,61,0|53,62,0|59,62,0|63,65,0|65,64,0|63,66,0|67,68,0|61,63,0|69,67,0|65,69,0|71,70,0|72,70,0|73,71,0|74,72,0|74,73,0|66,70,0|3,75,0|76,75,0|67,75,0|68,77,0|77,78,0|77,79,0|2,80,0|2,81,0|82,84,0|84,83,0|82,85,0|86,88,0|88,87,0|86,89,0|82,5,0|86,90,0|84,90,0|88,91,0|93,92,0|94,92,0|89,92,0|95,96,0|95,97,0|95,87,0|96,98,0|97,99,0|6,275,1|4,275,1|9,276,1|8,276,1|12,277,1|11,277,1|16,278,1|20,278,1|25,279,1|24,279,1|31,280,1|33,280,1|38,281,1|37,281,1|41,282,1|43,282,1|47,283,1|46,283,1|51,284,1|54,284,1|58,285,1|60,285,1|65,286,1|64,286,1|72,287,1|70,287,1|73,288,1|71,288,1|76,289,1|75,289,1|84,290,1|83,290,1|88,291,1|91,291,1|93,292,1|92,292,1|97,293,1|99,293,1|', NULL, NULL, NULL, NULL, NULL, NULL);

-- --------------------------------------------------------

--
-- Structure de la table `ptn`
--

DROP TABLE IF EXISTS `ptn`;
CREATE TABLE IF NOT EXISTS `ptn` (
  `id` int(11) NOT NULL AUTO_INCREMENT,
  `id_chebi` varchar(50) NOT NULL,
  `ptn` text NOT NULL,
  `version` int(11) NOT NULL,
  PRIMARY KEY (`id`),
  KEY `SECONDARY_KEY_3` (`id_chebi`)
) ENGINE=InnoDB AUTO_INCREMENT=9 DEFAULT CHARSET=utf8;

--
-- Déchargement des données de la table `ptn`
--

INSERT INTO `ptn` (`id`, `id_chebi`, `ptn`, `version`) VALUES
(3, 'CHEBI:27732', '111111101110101110', 0),
(4, 'CHEBI:27732', '111111111111101110', 1),
(5, 'CHEBI:40813', '0111111101101110', 0),
(6, 'CHEBI:40813', '1111111111101110', 1),
(7, 'CHEBI:75437', '11111111111111111111111111111111111111111111111111111111111111111111111111111111111111111111111111111111111111111111111111111111111111111111111111111111111111111111111111111110111111111111111111111111111111111111111111011111111111111111111111111111111111111111111111111111001111111111111111110', 0),
(8, 'CHEBI:75437', '11111111111111111111111111111111111111111111111111111111111111111111111111111111111111111111111111111111111111111111111111111111111111111111111111111111111111111111111111111111111111111111111111111111111111111111111111111111111111111111111111111111111111111111111111111111101111111111111111110', 1);

--
-- Contraintes pour les tables déchargées
--

--
-- Contraintes pour la table `lab`
--
ALTER TABLE `lab`
  ADD CONSTRAINT `SECONDARY_KEY_2` FOREIGN KEY (`id_chebi`) REFERENCES `molecules` (`id_chebi`) ON DELETE CASCADE ON UPDATE CASCADE;

--
-- Contraintes pour la table `links`
--
ALTER TABLE `links`
  ADD CONSTRAINT `SECONDARY_KEY_1` FOREIGN KEY (`id_chebi`) REFERENCES `molecules` (`id_chebi`) ON DELETE CASCADE ON UPDATE CASCADE;

--
-- Contraintes pour la table `ptn`
--
ALTER TABLE `ptn`
  ADD CONSTRAINT `SECONDARY_KEY_3` FOREIGN KEY (`id_chebi`) REFERENCES `molecules` (`id_chebi`) ON DELETE CASCADE ON UPDATE CASCADE;
COMMIT;

/*!40101 SET CHARACTER_SET_CLIENT=@OLD_CHARACTER_SET_CLIENT */;
/*!40101 SET CHARACTER_SET_RESULTS=@OLD_CHARACTER_SET_RESULTS */;
/*!40101 SET COLLATION_CONNECTION=@OLD_COLLATION_CONNECTION */;
